loan_id,customer_id,age,gender,income,loan_amount,tenure_months,credit_score,employment_status,bank_balance,number_of_loans,missed_payments,defaulted
1,4174,62,Female,237598.0,53527,12,829.0,Full-time,711058,1,2,0
2,4507,22,Female,191521.0,234490,36,626.0,Unemployed,606603,1,2,0
3,1860,50,Male,100290.0,149883,6,396.0,Full-time,29086,1,4,1
4,2294,18,Male,438832.0,103344,6,812.0,Self-employed,934826,3,2,0
5,2130,35,Male,398805.0,165344,6,515.0,Part-time,125604,0,8,0
6,2095,49,Female,,233564,36,431.0,Part-time,887246,1,0,0
7,4772,64,Unknown,334890.0,57153,24,559.0,Part-time,119324,3,3,0
8,4092,28,Female,117990.0,118042,12,424.0,Full-time,476785,1,9,0
9,2638,38,Male,108810.0,64110,6,381.0,Part-time,740970,2,9,0
10,3169,43,Female,168362.0,155051,12,582.0,Unemployed,391065,1,3,0
11,1466,42,Female,196295.0,251131,6,358.0,Unemployed,3435,1,0,0
12,2238,39,Male,183669.0,249173,36,843.0,Unemployed,887937,4,1,0
13,1330,44,Male,246749.0,38328,24,460.0,Full-time,839763,2,0,1
14,2482,30,Female,314803.0,122911,12,583.0,Part-time,160014,0,5,0
15,3135,50,Male,136516.0,285011,36,405.0,Full-time,714995,1,2,0
16,4444,51,Female,124567.0,69234,12,404.0,Part-time,422275,0,6,0
17,4171,58,Male,327181.0,297995,24,738.0,Self-employed,712917,2,4,0
18,3919,52,Male,176498.0,258503,36,527.0,Self-employed,375601,1,8,0
19,4735,18,Male,227810.0,237135,12,617.0,Full-time,838821,4,6,0
20,1130,38,Male,62109.0,83402,24,763.0,Unemployed,839446,3,3,0
21,2685,23,Female,334154.0,287593,12,771.0,Full-time,426042,4,4,0
22,4380,45,Male,320931.0,15451,12,355.0,Unemployed,292441,4,4,0
23,1769,34,Female,289472.0,97178,6,,Part-time,568178,3,4,0
24,3391,22,Female,189544.0,246562,12,739.0,Unemployed,283466,3,9,0
25,2515,48,Female,296183.0,133765,24,317.0,Unemployed,560027,3,8,0
26,4485,22,Male,204455.0,138389,36,412.0,Part-time,402935,1,9,0
27,3853,55,Female,373853.0,199699,24,528.0,Self-employed,603841,0,2,1
28,3433,20,Female,,207227,36,470.0,Part-time,8314,0,5,0
29,2215,40,Male,84518.0,297516,36,594.0,Full-time,618119,3,7,0
30,1955,54,Male,103909.0,275786,6,488.0,Full-time,861596,4,8,0
31,3324,54,Female,330495.0,270220,12,725.0,Full-time,369802,2,6,1
32,2184,27,Unknown,250696.0,235898,6,378.0,Full-time,863460,3,2,0
33,1459,27,Male,496546.0,286266,24,481.0,Full-time,822545,4,0,0
34,4385,36,Female,65282.0,78431,36,798.0,Self-employed,641462,4,3,0
35,1021,34,Female,289017.0,65745,6,370.0,Self-employed,146429,1,5,0
36,3300,38,Female,464994.0,60081,24,547.0,Unemployed,229937,1,2,0
37,1747,31,Unknown,467480.0,226204,24,445.0,Full-time,544653,0,0,0
38,3904,26,Female,317219.0,86253,24,595.0,Part-time,301173,0,5,0
39,4632,63,Male,229526.0,282355,12,769.0,Full-time,263881,2,0,1
40,1474,18,Male,78365.0,121086,12,805.0,Self-employed,393186,2,8,0
41,2082,62,Male,,103783,6,492.0,Full-time,729992,2,0,0
42,3558,30,Female,323146.0,135681,12,367.0,Self-employed,609762,2,5,0
43,4753,21,Female,326091.0,97893,6,793.0,Unemployed,340362,4,0,0
44,3047,18,Male,260294.0,168763,24,351.0,Unemployed,779966,4,6,0
45,4547,57,Female,406984.0,87960,6,662.0,Unemployed,158571,0,2,1
46,3747,49,Female,166219.0,32601,36,773.0,Self-employed,765387,1,5,0
47,1975,51,Female,390754.0,149227,24,820.0,Full-time,241474,1,6,1
48,2806,45,Male,364286.0,210191,24,730.0,Full-time,128692,3,0,0
49,1189,48,Female,106307.0,177849,12,597.0,Part-time,762790,4,0,0
50,4005,25,Male,185565.0,291854,24,734.0,Self-employed,701517,2,4,1
51,3734,56,Male,305095.0,165604,36,497.0,Part-time,973751,2,5,0
52,4005,43,Male,362229.0,138727,6,427.0,Unemployed,390555,3,8,0
53,1562,51,Male,84228.0,73227,12,831.0,Full-time,172106,1,0,0
54,2899,20,Male,,146039,24,710.0,Self-employed,294,2,3,0
55,4638,29,Female,495091.0,94289,6,364.0,Part-time,811028,1,9,0
56,2267,18,Male,474871.0,161094,6,540.0,Part-time,98185,3,7,0
57,3879,61,Female,,215743,12,668.0,Part-time,797866,1,9,0
58,2528,22,Male,361581.0,277866,6,,Full-time,58382,1,8,0
59,4202,47,Female,492632.0,168485,24,683.0,Full-time,300242,1,2,0
60,4556,47,Unknown,,243820,12,730.0,Full-time,528943,2,1,1
61,4890,34,Male,187888.0,246994,36,382.0,Self-employed,607317,0,3,0
62,1646,64,Male,127175.0,78323,24,585.0,Full-time,308372,4,1,0
63,3068,40,Male,114307.0,295960,24,833.0,Self-employed,3771,1,0,1
64,3888,32,Female,,50695,24,758.0,Part-time,336243,1,2,0
65,3214,54,Female,440346.0,65841,36,511.0,Part-time,645099,1,6,1
66,2297,38,Male,145028.0,208784,12,425.0,Unemployed,974303,0,0,0
67,3435,31,Female,192312.0,117096,36,712.0,Full-time,848689,3,1,0
68,1600,19,Male,142493.0,102764,24,798.0,Part-time,803990,2,0,0
69,3363,28,Male,175149.0,95744,24,724.0,Full-time,320580,0,7,0
70,3061,56,Female,279416.0,19171,24,842.0,Self-employed,107779,1,4,0
71,1241,55,Male,252435.0,110755,12,457.0,Part-time,649179,0,7,1
72,3041,51,Female,213834.0,118125,12,411.0,Full-time,779085,0,2,1
73,3824,55,Male,320403.0,13696,24,701.0,Part-time,485319,0,6,1
74,4417,51,Unknown,231211.0,136310,6,421.0,Part-time,778760,3,7,0
75,3612,35,Male,440919.0,161385,24,572.0,Full-time,556664,4,5,0
76,3945,47,Male,326993.0,291293,12,593.0,Part-time,480674,2,6,0
77,2363,32,Female,393912.0,55740,6,697.0,Part-time,77924,3,1,0
78,3139,44,Male,418252.0,116611,6,770.0,Part-time,553620,3,7,0
79,2390,51,Unknown,401853.0,258922,6,506.0,Part-time,393145,4,4,0
80,4003,55,Female,367013.0,73811,24,409.0,Self-employed,571025,3,6,0
81,2478,50,Female,439032.0,192385,12,739.0,Part-time,393056,0,0,0
82,4499,41,Female,113095.0,73232,36,577.0,Unemployed,89031,0,4,0
83,3556,32,Female,,287561,24,781.0,Part-time,467186,1,0,1
84,1775,47,Female,383054.0,165801,6,413.0,Full-time,183024,3,7,0
85,1034,59,Female,335711.0,122492,24,776.0,Unemployed,283135,1,3,0
86,3253,34,Female,85292.0,40099,36,620.0,Self-employed,27472,2,3,0
87,4152,22,Male,124813.0,239206,24,478.0,Unemployed,59946,0,1,1
88,2955,46,Male,147136.0,128474,6,518.0,Unemployed,498782,2,4,0
89,2585,21,Female,101631.0,281400,36,827.0,Unemployed,944353,4,0,1
90,4943,27,Male,59885.0,253588,24,791.0,Full-time,263685,0,8,1
91,4459,34,Female,235378.0,44681,6,360.0,Full-time,653525,2,4,1
92,4073,27,Male,378458.0,101328,6,353.0,Full-time,2765,4,5,0
93,2021,34,Male,377231.0,228512,24,837.0,Self-employed,305218,2,1,0
94,4461,37,Female,472381.0,44540,6,364.0,Full-time,364939,4,9,0
95,3613,41,Female,408142.0,167608,36,470.0,Full-time,684643,4,9,0
96,2129,22,Male,,94700,12,572.0,Unemployed,625675,0,0,0
97,4843,51,Female,231572.0,197647,36,834.0,Full-time,775404,1,3,0
98,4893,23,Female,370787.0,56002,24,690.0,Part-time,493377,4,6,0
99,2500,19,Male,94900.0,59812,6,626.0,Full-time,918273,4,5,0
100,1702,30,Female,486162.0,201051,6,407.0,Self-employed,673166,0,9,0
101,3449,60,Male,451067.0,267906,24,461.0,Self-employed,789404,1,0,0
102,3777,60,Male,328432.0,118946,24,751.0,Part-time,673616,3,0,0
103,2579,28,Unknown,122692.0,76668,24,505.0,Self-employed,366047,3,7,0
104,1161,64,Male,450584.0,109003,12,315.0,Self-employed,518790,1,3,0
105,1201,40,Female,397580.0,221142,12,626.0,Unemployed,149725,2,4,1
106,2981,33,Female,277208.0,230462,6,301.0,Part-time,627867,0,6,0
107,1995,48,Male,96403.0,204886,24,309.0,Unemployed,479885,1,7,0
108,3317,28,Female,141170.0,114601,6,733.0,Unemployed,39339,3,9,0
109,4934,33,Female,321312.0,279956,12,424.0,Full-time,418973,4,6,0
110,1815,25,Male,362023.0,71844,24,380.0,Part-time,889808,3,1,0
111,4342,21,Female,109871.0,211165,36,784.0,Full-time,304543,4,3,0
112,1455,57,Female,82174.0,184870,12,449.0,Full-time,830445,0,9,0
113,4533,21,Female,280823.0,84601,12,639.0,Unemployed,407922,4,0,0
114,4798,42,Female,273563.0,292844,24,428.0,Self-employed,955735,1,9,0
115,2275,20,Male,187653.0,267927,24,737.0,Part-time,552197,4,8,0
116,2016,49,Female,160155.0,183423,12,800.0,Self-employed,518993,2,2,0
117,4773,20,Female,383997.0,103330,36,357.0,Unemployed,994135,1,2,0
118,3343,44,Female,376190.0,235391,36,497.0,Unemployed,712932,0,9,0
119,4796,46,Female,,223606,12,510.0,Unemployed,479095,1,8,0
120,3767,49,Female,338793.0,201387,12,344.0,Unemployed,981271,2,9,0
121,4820,36,Female,177795.0,251133,24,396.0,Unemployed,157541,0,2,1
122,1337,38,Female,138668.0,172627,24,578.0,Unemployed,132385,3,7,0
123,1878,22,Female,263397.0,188048,6,834.0,Self-employed,401063,2,1,0
124,2076,35,Female,195639.0,55095,24,709.0,Full-time,967726,0,2,1
125,1791,45,Female,402050.0,155342,24,760.0,Self-employed,992206,4,1,0
126,4993,59,Female,289141.0,171980,12,690.0,Part-time,141002,1,0,0
127,3264,39,Male,146019.0,287667,24,343.0,Self-employed,3285,0,1,1
128,1763,38,Male,390146.0,72433,36,326.0,Unemployed,385781,1,7,1
129,3235,23,Male,78803.0,29991,6,396.0,Self-employed,560151,4,8,0
130,1379,18,Female,199302.0,282919,12,847.0,Full-time,147776,0,1,0
131,1492,22,Female,198934.0,157745,12,518.0,Part-time,936209,3,6,1
132,4112,58,Female,486571.0,132808,36,484.0,Self-employed,655915,2,4,0
133,2180,29,Male,474475.0,168128,36,368.0,Full-time,545611,0,2,1
134,3062,43,Female,280147.0,147686,12,429.0,Self-employed,333112,4,8,0
135,4884,63,Male,80795.0,17415,24,633.0,Part-time,984426,0,5,0
136,1064,51,Male,320914.0,256038,24,453.0,Self-employed,53915,1,0,1
137,4928,31,Female,61093.0,264205,24,846.0,Unemployed,371687,0,4,1
138,4910,43,Female,489787.0,198221,12,378.0,Self-employed,665979,3,6,0
139,3568,62,Male,443409.0,178616,12,712.0,Full-time,203462,0,3,0
140,2367,44,Male,,59976,12,845.0,Self-employed,784278,2,7,0
141,2152,26,Male,329713.0,275976,24,468.0,Full-time,894932,0,9,0
142,3027,43,Male,323334.0,231883,6,814.0,Part-time,507553,1,4,0
143,3695,64,Female,374968.0,221509,36,613.0,Self-employed,976778,0,8,1
144,2495,39,Male,223824.0,249241,6,,Part-time,466389,3,8,1
145,4134,64,Female,213399.0,229526,12,,Part-time,938729,4,8,0
146,2162,47,Female,354214.0,198799,24,342.0,Self-employed,373410,0,0,0
147,2522,60,Male,90197.0,48578,24,300.0,Full-time,813171,0,1,0
148,3640,34,Male,52261.0,100453,6,569.0,Part-time,440924,2,2,0
149,1391,43,Male,207584.0,218859,12,479.0,Part-time,652329,3,3,0
150,2698,53,Male,449932.0,121435,36,817.0,Self-employed,53019,4,9,0
151,1418,18,Male,398939.0,226101,12,402.0,Self-employed,207226,1,8,0
152,3336,25,Female,341077.0,161538,12,309.0,Self-employed,233169,0,9,0
153,1378,52,Male,185450.0,55475,36,389.0,Self-employed,531661,4,5,0
154,2796,32,Unknown,90583.0,226232,6,525.0,Self-employed,690641,1,0,0
155,4561,64,Male,424226.0,167636,12,425.0,Unemployed,544475,3,8,0
156,3278,39,Female,397515.0,163484,12,508.0,Self-employed,854295,3,5,0
157,4065,31,Female,210105.0,103526,12,396.0,Full-time,622215,4,3,0
158,3088,43,Female,467216.0,61001,12,373.0,Part-time,762473,1,3,0
159,4099,45,Female,161032.0,202029,6,490.0,Full-time,346229,3,2,0
160,3182,40,Female,256940.0,154228,12,355.0,Full-time,117996,4,6,1
161,1200,31,Female,354748.0,35711,6,331.0,Unemployed,563508,3,2,0
162,2863,41,Female,407218.0,40106,24,826.0,Self-employed,392647,3,1,0
163,1779,19,Female,276727.0,227583,12,583.0,Part-time,515971,3,9,0
164,3977,62,Male,123869.0,148286,12,793.0,Full-time,531930,2,7,0
165,4104,43,Male,317554.0,237189,36,486.0,Self-employed,79971,1,3,0
166,4119,31,Female,395519.0,136479,24,797.0,Self-employed,579844,4,7,1
167,1502,24,Female,237116.0,146213,6,741.0,Unemployed,426976,4,0,0
168,3454,20,Female,244387.0,38884,36,429.0,Unemployed,824624,1,4,1
169,4645,64,Female,408199.0,274852,12,591.0,Unemployed,517473,1,8,0
170,2751,40,Unknown,252416.0,290519,6,413.0,Part-time,397597,1,0,0
171,1804,63,Male,450012.0,25088,24,498.0,Full-time,751943,1,3,0
172,3146,60,Male,136716.0,186118,24,312.0,Unemployed,412774,0,5,0
173,3731,64,Male,104245.0,282158,12,570.0,Unemployed,292926,4,9,0
174,2895,62,Male,93056.0,205497,12,514.0,Unemployed,266926,0,7,0
175,3773,35,Female,460925.0,188207,24,743.0,Full-time,746777,3,2,1
176,2570,55,Male,300736.0,88077,12,811.0,Full-time,185784,3,4,0
177,1960,52,Female,370701.0,149784,36,746.0,Unemployed,236836,4,6,0
178,4810,32,Male,329687.0,215776,12,373.0,Unemployed,488161,3,0,1
179,3660,42,Female,480634.0,79087,36,836.0,Self-employed,150534,1,6,1
180,2485,54,Female,275683.0,284441,24,400.0,Unemployed,846462,0,7,0
181,3690,45,Male,408182.0,250341,36,475.0,Part-time,723879,1,7,1
182,4840,27,Female,459940.0,299272,24,726.0,Part-time,842843,3,8,1
183,2028,56,Male,315972.0,78368,24,416.0,Unemployed,186278,0,5,0
184,4289,34,Male,166656.0,229571,12,465.0,Full-time,97469,1,5,0
185,1502,56,Male,67087.0,261514,12,340.0,Self-employed,571238,4,1,0
186,3814,39,Male,455821.0,152180,12,728.0,Full-time,395739,1,2,0
187,1397,43,Male,343481.0,269904,36,643.0,Unemployed,454142,3,3,0
188,1870,61,Female,186554.0,87603,36,723.0,Part-time,140749,0,3,1
189,3842,42,Female,377477.0,43872,12,665.0,Self-employed,731188,4,7,0
190,1392,34,Female,232024.0,282872,6,419.0,Full-time,146161,0,0,0
191,1206,30,Male,186535.0,292727,12,528.0,Full-time,397797,4,9,1
192,2038,37,Female,293236.0,95774,24,429.0,Unemployed,405123,0,3,1
193,2881,42,Male,120448.0,208522,12,651.0,Self-employed,398825,3,3,0
194,4625,21,Male,54648.0,230357,24,617.0,Part-time,706513,4,0,0
195,3939,27,Female,442720.0,75942,36,636.0,Unemployed,836971,2,2,0
196,2484,20,Male,345767.0,23689,6,572.0,Self-employed,437359,0,4,0
197,4762,58,Female,85634.0,43276,12,416.0,Full-time,22936,0,5,0
198,4646,62,Female,487818.0,111968,12,667.0,Unemployed,836614,1,8,0
199,1863,35,Male,426742.0,285194,12,393.0,Full-time,501477,4,8,1
200,3790,64,Male,361478.0,76216,6,467.0,Full-time,897691,2,8,0
201,4312,53,Male,380792.0,225516,6,640.0,Unemployed,230596,3,0,0
202,1563,64,Female,72054.0,31644,36,451.0,Unemployed,619330,1,8,0
203,2020,39,Male,120028.0,72021,12,573.0,Unemployed,799595,2,7,0
204,1095,51,Male,72207.0,178197,12,795.0,Unemployed,782046,4,1,0
205,2923,64,Male,280893.0,52291,36,400.0,Unemployed,977262,2,0,1
206,2757,25,Female,131554.0,35675,24,381.0,Full-time,177129,0,0,0
207,3532,57,Male,202458.0,159359,6,828.0,Part-time,667897,0,5,0
208,4478,61,Male,133276.0,272318,24,372.0,Part-time,546707,1,8,0
209,3278,36,Female,364925.0,102268,12,313.0,Unemployed,960082,4,6,0
210,3796,59,Female,,194384,24,732.0,Full-time,730351,4,4,0
211,2678,58,Male,242512.0,115410,24,456.0,Part-time,645499,2,1,0
212,4242,54,Male,487415.0,139887,24,431.0,Part-time,384906,1,0,0
213,1540,23,Male,373179.0,211554,12,637.0,Part-time,205671,4,1,0
214,2059,43,Female,58210.0,296762,36,703.0,Full-time,525122,0,0,0
215,3572,51,Male,94363.0,44675,6,675.0,Unemployed,294358,2,2,0
216,2183,62,Female,292247.0,291063,6,406.0,Unemployed,748294,3,5,0
217,4910,23,Female,128279.0,276317,12,564.0,Unemployed,254870,0,7,0
218,2722,54,Female,241420.0,298544,6,504.0,Self-employed,493244,1,2,0
219,4314,50,Male,236356.0,191517,12,378.0,Self-employed,776646,4,9,0
220,4157,39,Female,253196.0,80305,36,454.0,Self-employed,526701,0,8,0
221,2819,38,Female,249919.0,178636,36,546.0,Full-time,533793,3,9,0
222,3625,23,Female,465648.0,98791,12,830.0,Part-time,776041,3,4,0
223,3729,23,Male,307324.0,169034,12,837.0,Part-time,889234,1,6,1
224,3604,21,Unknown,,80533,12,453.0,Full-time,133177,0,7,0
225,2597,47,Male,,197256,12,453.0,Full-time,199176,2,2,0
226,4060,28,Male,280363.0,151650,6,391.0,Unemployed,390447,0,1,0
227,3693,47,Male,184393.0,141060,36,732.0,Unemployed,500850,3,1,1
228,1795,48,Female,393492.0,159696,12,637.0,Self-employed,114897,1,4,0
229,2051,41,Male,480599.0,252188,12,779.0,Self-employed,58408,1,0,0
230,2643,26,Male,425960.0,247501,6,430.0,Full-time,168751,2,1,1
231,4627,20,Male,259754.0,193887,36,749.0,Self-employed,116908,1,8,1
232,2363,48,Male,173053.0,14986,24,572.0,Part-time,245993,1,6,0
233,4869,57,Female,233965.0,273625,36,476.0,Full-time,230168,1,5,0
234,2981,54,Female,216892.0,210339,24,348.0,Full-time,604019,1,8,1
235,2354,53,Male,378406.0,131950,12,654.0,Part-time,505421,1,6,0
236,2663,41,Male,184832.0,135355,12,,Unemployed,851563,3,4,0
237,2529,48,Female,203262.0,37798,24,345.0,Unemployed,850712,0,8,0
238,3038,23,Male,117411.0,101649,12,601.0,Part-time,802194,4,5,0
239,4419,19,Male,335521.0,29477,24,707.0,Part-time,117798,1,5,0
240,2496,37,Unknown,489953.0,227400,6,488.0,Self-employed,641142,4,3,0
241,4302,45,Female,88211.0,227060,6,428.0,Full-time,237902,4,0,1
242,3237,28,Male,263981.0,296479,24,836.0,Self-employed,320847,3,4,0
243,4296,21,Female,315888.0,283586,24,565.0,Part-time,474650,1,8,0
244,2408,32,Male,306638.0,116464,24,417.0,Self-employed,63079,4,7,0
245,2400,23,Female,337139.0,141184,6,763.0,Part-time,545865,1,7,1
246,2306,47,Male,198049.0,97051,24,443.0,Self-employed,787646,2,4,0
247,3680,55,Male,279010.0,160653,6,741.0,Self-employed,872771,2,8,0
248,3675,19,Male,84542.0,255300,6,499.0,Unemployed,310258,2,2,0
249,1972,32,Female,60651.0,69722,12,456.0,Part-time,482450,4,2,0
250,2768,28,Female,149239.0,102036,6,786.0,Self-employed,849662,2,0,1
251,2282,25,Male,391075.0,238634,12,433.0,Full-time,516379,3,8,0
252,4430,43,Male,276416.0,157595,12,447.0,Self-employed,688340,3,5,0
253,1709,62,Female,414256.0,258709,12,635.0,Self-employed,67194,4,1,0
254,2479,61,Male,328859.0,291696,6,370.0,Full-time,471022,1,7,0
255,2434,22,Male,487625.0,151880,6,532.0,Part-time,112333,0,8,0
256,1648,23,Unknown,205378.0,245419,6,633.0,Unemployed,562080,1,8,0
257,1317,43,Male,200158.0,164692,6,389.0,Unemployed,45807,1,1,0
258,4748,21,Female,457592.0,273031,24,633.0,Unemployed,517513,1,1,0
259,4296,36,Unknown,373494.0,95024,12,498.0,Full-time,387410,1,6,0
260,4890,37,Male,383569.0,255809,12,460.0,Self-employed,939805,0,3,0
261,2257,50,Male,479852.0,128639,12,837.0,Part-time,660501,2,0,0
262,1683,37,Male,398264.0,91938,24,420.0,Self-employed,509698,1,7,0
263,1663,29,Female,427033.0,227813,36,600.0,Unemployed,628580,3,1,0
264,2998,64,Female,494865.0,262100,24,735.0,Self-employed,647272,4,2,0
265,4898,18,Female,477826.0,298193,24,367.0,Full-time,538065,4,4,1
266,4445,43,Male,191130.0,94526,12,758.0,Full-time,38346,3,2,0
267,4743,31,Female,305948.0,56220,24,813.0,Part-time,841135,1,6,0
268,2631,55,Female,,85277,24,697.0,Part-time,619265,0,6,1
269,2495,54,Female,382338.0,132332,12,585.0,Unemployed,309963,2,1,1
270,4304,28,Female,389061.0,244231,12,439.0,Part-time,945973,4,6,1
271,4763,53,Female,114200.0,32931,12,581.0,Self-employed,134917,2,5,0
272,2136,30,Female,155848.0,99116,36,756.0,Full-time,896618,0,9,0
273,2853,60,Female,156022.0,261671,24,386.0,Full-time,547578,4,8,0
274,2520,20,Male,227691.0,61913,24,378.0,Full-time,374695,2,8,0
275,3489,50,Male,460370.0,260216,12,504.0,Part-time,423915,0,1,0
276,1563,23,Female,462755.0,104776,12,636.0,Full-time,175324,2,6,1
277,2291,27,Male,306453.0,35991,6,553.0,Full-time,885114,1,4,0
278,4581,22,Female,372202.0,195917,6,603.0,Full-time,658653,0,5,0
279,4878,40,Unknown,112068.0,114092,36,679.0,Unemployed,904449,2,0,1
280,4457,27,Female,412076.0,239577,24,429.0,Unemployed,643784,1,6,0
281,4458,61,Male,211445.0,196384,12,575.0,Part-time,503150,1,5,0
282,4184,19,Male,214226.0,247113,36,482.0,Full-time,843521,0,3,0
283,2636,30,Male,187103.0,105556,12,567.0,Part-time,505180,3,0,0
284,4696,57,Female,274605.0,166989,36,621.0,Full-time,409824,4,8,0
285,3999,19,Female,253047.0,138467,12,811.0,Full-time,390857,0,3,1
286,4152,37,Female,334929.0,228800,12,,Full-time,197345,1,1,1
287,1698,18,Male,299768.0,136155,12,638.0,Part-time,803051,1,7,1
288,3160,54,Female,209741.0,69778,6,808.0,Part-time,602294,0,1,0
289,1001,26,Female,144475.0,55833,6,537.0,Full-time,770759,3,4,1
290,1641,34,Male,52282.0,294769,24,433.0,Self-employed,218980,4,5,0
291,3267,26,Female,215696.0,42088,36,491.0,Part-time,474869,2,7,0
292,2589,28,Male,229510.0,220722,24,655.0,Unemployed,276923,0,0,0
293,1854,32,Male,270972.0,206375,6,577.0,Part-time,444256,4,0,0
294,2759,41,Female,379678.0,86361,24,317.0,Full-time,750190,4,3,0
295,4296,55,Male,212777.0,145189,6,,Self-employed,449541,1,4,0
296,3432,52,Female,,100265,6,479.0,Full-time,509163,2,8,0
297,4474,47,Female,387108.0,107718,24,422.0,Unemployed,808062,0,6,0
298,2661,48,Female,218509.0,104876,24,545.0,Part-time,892007,1,6,0
299,2153,22,Male,258944.0,40949,6,672.0,Part-time,639724,1,7,0
300,2076,61,Female,169006.0,222954,6,350.0,Full-time,667538,3,4,0
301,2707,31,Female,286440.0,121541,36,370.0,Full-time,413151,4,4,0
302,3777,28,Female,254054.0,205691,6,779.0,Unemployed,964762,0,0,0
303,2695,26,Male,362727.0,71842,12,318.0,Self-employed,809216,0,8,0
304,2733,51,Male,350536.0,242930,24,383.0,Unemployed,981226,0,5,0
305,2439,29,Female,57461.0,299134,6,454.0,Self-employed,678387,1,8,0
306,3294,52,Male,150123.0,157265,6,656.0,Part-time,451069,3,2,1
307,1835,52,Female,322660.0,140356,12,742.0,Self-employed,898599,2,4,0
308,4510,18,Female,198586.0,254629,24,368.0,Self-employed,67359,1,1,0
309,1202,57,Female,433395.0,222802,24,822.0,Part-time,203460,2,9,0
310,4255,39,Female,479484.0,175582,24,442.0,Part-time,865040,3,4,0
311,1122,46,Female,281496.0,273450,36,491.0,Part-time,994173,4,7,0
312,1400,25,Female,217860.0,13849,24,686.0,Unemployed,277255,0,1,0
313,1766,28,Female,256821.0,22360,12,677.0,Part-time,163384,2,7,0
314,1293,58,Female,242121.0,263279,12,834.0,Full-time,784681,1,3,1
315,3327,54,Male,,104767,24,592.0,Part-time,286305,2,9,0
316,4908,31,Male,86027.0,271445,24,308.0,Part-time,905352,4,9,0
317,3931,47,Female,405691.0,186872,24,570.0,Part-time,891255,0,0,1
318,4681,52,Male,223921.0,64330,24,686.0,Self-employed,911446,2,4,0
319,1197,38,Male,412271.0,61707,6,392.0,Unemployed,130466,4,0,1
320,4029,54,Male,198930.0,290833,12,828.0,Part-time,329457,1,6,0
321,2930,22,Female,265234.0,39084,12,453.0,Unemployed,181446,3,7,0
322,4582,36,Female,129003.0,50387,6,704.0,Full-time,417230,1,2,1
323,3799,31,Female,233467.0,12642,6,448.0,Full-time,604596,0,2,1
324,3191,43,Female,89758.0,196633,24,566.0,Part-time,832821,1,6,1
325,1608,21,Female,,156510,24,721.0,Full-time,765523,1,3,0
326,4272,42,Male,380814.0,264511,12,771.0,Unemployed,411377,1,2,1
327,2147,62,Female,132279.0,273957,12,846.0,Self-employed,632088,1,7,1
328,1186,59,Male,65434.0,94381,12,825.0,Part-time,400706,0,2,0
329,4397,42,Female,245119.0,259880,6,802.0,Full-time,381691,4,6,0
330,3511,35,Female,490991.0,203984,24,313.0,Unemployed,762557,2,1,0
331,4420,57,Male,387913.0,70272,24,663.0,Unemployed,24502,3,0,1
332,2794,25,Male,295754.0,183123,24,418.0,Full-time,35757,2,5,0
333,1659,56,Male,378821.0,223808,24,537.0,Unemployed,827543,2,7,0
334,3811,57,Male,,263091,24,845.0,Unemployed,622561,3,0,0
335,4002,31,Male,178379.0,274064,6,468.0,Part-time,582933,0,9,0
336,2955,49,Female,266992.0,116121,12,821.0,Unemployed,896650,3,8,0
337,3450,55,Female,289511.0,86872,6,815.0,Full-time,321199,0,2,0
338,2369,50,Female,226806.0,274237,36,696.0,Part-time,119815,2,2,1
339,2986,40,Female,413809.0,285049,6,405.0,Full-time,926502,0,3,0
340,2534,32,Female,483819.0,131759,6,,Self-employed,684266,4,0,0
341,1146,50,Female,118803.0,92289,36,513.0,Full-time,363170,3,8,0
342,4219,42,Male,482548.0,126506,36,420.0,Full-time,332336,4,2,0
343,3911,34,Female,403847.0,88513,24,431.0,Part-time,181549,2,9,0
344,2734,50,Male,333456.0,192003,6,496.0,Unemployed,167973,3,3,0
345,2843,64,Unknown,274448.0,269480,6,318.0,Full-time,746631,2,0,0
346,1488,19,Female,225251.0,272043,12,311.0,Part-time,52021,4,3,1
347,3976,31,Female,252514.0,201758,6,380.0,Self-employed,29092,2,0,0
348,2959,57,Male,295404.0,143498,6,629.0,Part-time,918746,3,4,0
349,2663,57,Female,167961.0,264024,12,691.0,Part-time,368987,3,4,0
350,3598,56,Female,352523.0,140970,36,606.0,Unemployed,657191,2,6,0
351,3385,23,Male,67297.0,100009,12,566.0,Full-time,312865,3,7,1
352,3919,23,Male,314155.0,209570,24,746.0,Self-employed,290655,3,3,0
353,1640,20,Female,170234.0,207467,24,740.0,Part-time,72782,2,6,0
354,2802,24,Male,94014.0,54816,12,301.0,Full-time,883435,4,3,0
355,3520,25,Female,293166.0,14138,24,819.0,Full-time,935806,3,2,0
356,2969,59,Male,454954.0,101176,12,608.0,Part-time,842000,3,5,0
357,3198,32,Male,406477.0,276161,6,821.0,Full-time,920736,3,3,0
358,2438,64,Female,228570.0,282595,24,768.0,Part-time,364206,3,2,0
359,4369,46,Male,308864.0,204028,6,511.0,Part-time,890733,2,8,0
360,2634,50,Female,323264.0,282422,36,411.0,Part-time,313651,4,4,0
361,1262,47,Male,451983.0,231552,6,307.0,Self-employed,648565,4,6,1
362,2787,56,Male,334996.0,53764,24,776.0,Part-time,654287,0,5,0
363,3191,44,Female,391383.0,133030,12,759.0,Unemployed,207580,3,9,0
364,3393,53,Female,444145.0,105667,6,552.0,Full-time,769032,3,4,0
365,1623,46,Female,258559.0,70128,6,,Self-employed,624416,0,6,0
366,2016,55,Female,141575.0,229128,24,737.0,Full-time,272827,4,5,0
367,4643,50,Female,145040.0,294013,36,535.0,Self-employed,547952,1,9,0
368,1880,54,Male,198510.0,243540,36,605.0,Unemployed,626652,1,1,0
369,3049,44,Male,229587.0,15039,12,777.0,Self-employed,775372,4,2,0
370,3944,50,Female,55744.0,162353,24,319.0,Self-employed,164244,3,1,0
371,2327,21,Female,264892.0,122935,24,515.0,Self-employed,476857,1,2,0
372,3301,39,Female,485633.0,20442,24,434.0,Full-time,64340,2,0,1
373,4723,19,Male,450285.0,299730,12,428.0,Part-time,611524,2,7,0
374,1452,27,Male,354503.0,63053,24,709.0,Full-time,11017,0,5,0
375,4108,22,Female,200871.0,191561,36,721.0,Part-time,823045,4,1,0
376,2183,27,Female,410890.0,224176,12,593.0,Full-time,786167,4,7,0
377,4062,50,Female,274834.0,96346,36,545.0,Unemployed,994424,1,5,0
378,3056,55,Female,170906.0,44397,24,385.0,Unemployed,554636,3,6,0
379,4304,30,Female,251260.0,126214,6,674.0,Self-employed,409664,4,0,1
380,4170,48,Male,270931.0,167221,6,745.0,Unemployed,271635,1,6,1
381,2682,64,Male,303593.0,287068,12,677.0,Self-employed,209720,1,2,0
382,3863,53,Male,288746.0,123143,24,689.0,Part-time,121070,4,7,0
383,3255,62,Male,57597.0,273013,36,350.0,Unemployed,751917,1,5,0
384,2154,41,Female,359237.0,273158,6,541.0,Part-time,845191,0,3,0
385,1403,32,Male,480442.0,20103,36,593.0,Full-time,962057,0,7,0
386,3199,46,Female,253199.0,92409,36,565.0,Part-time,918472,4,8,0
387,3101,25,Male,426794.0,33248,6,419.0,Full-time,262512,3,9,0
388,4191,22,Male,,184588,36,547.0,Part-time,991464,0,1,0
389,2696,46,Male,207489.0,165242,36,369.0,Part-time,35010,0,5,0
390,4991,64,Male,461909.0,18024,24,356.0,Unemployed,971658,4,4,1
391,1627,21,Female,433100.0,244864,24,681.0,Part-time,560139,2,4,0
392,1586,29,Male,165598.0,184875,36,338.0,Unemployed,647049,1,9,1
393,2648,62,Female,300100.0,153927,24,742.0,Unemployed,943000,0,2,0
394,2443,19,Male,308589.0,95178,12,317.0,Self-employed,778928,2,7,0
395,2445,44,Male,234233.0,292169,36,651.0,Self-employed,913584,3,7,0
396,1103,48,Male,302388.0,73610,24,597.0,Full-time,686296,2,4,0
397,4923,53,Female,183241.0,80843,24,582.0,Part-time,603146,4,7,1
398,1253,53,Female,265164.0,117237,12,409.0,Full-time,591293,3,9,0
399,4298,43,Male,203124.0,190903,24,479.0,Part-time,37493,3,7,1
400,4183,60,Male,254923.0,184499,6,843.0,Self-employed,725155,2,2,0
401,3557,44,Female,58036.0,140299,36,324.0,Self-employed,691750,4,1,1
402,2496,22,Male,81778.0,15668,12,356.0,Part-time,534580,0,8,0
403,1098,37,Male,470950.0,232542,6,479.0,Part-time,878809,2,1,0
404,3200,28,Female,204245.0,188267,12,531.0,Self-employed,683725,0,8,0
405,2884,27,Female,211475.0,165489,6,642.0,Self-employed,523238,2,3,0
406,3961,57,Male,252747.0,116133,24,776.0,Full-time,934711,0,1,0
407,2919,55,Female,449560.0,282895,36,754.0,Self-employed,101735,2,9,0
408,1877,23,Female,68800.0,279496,36,531.0,Part-time,547200,3,0,1
409,1337,25,Male,337516.0,220124,6,588.0,Full-time,80771,1,3,0
410,4777,40,Female,373660.0,98835,6,512.0,Part-time,711932,3,8,1
411,3869,64,Female,,107493,36,557.0,Unemployed,631581,0,8,1
412,4234,43,Male,376062.0,182166,36,829.0,Full-time,99083,4,3,0
413,4791,63,Male,458189.0,111948,12,,Part-time,637943,3,8,1
414,1956,60,Male,383299.0,195194,12,525.0,Self-employed,936780,1,5,0
415,2704,29,Female,281312.0,39493,12,734.0,Unemployed,621747,0,0,1
416,1160,43,Male,109500.0,209886,36,701.0,Part-time,398750,3,9,0
417,2603,30,Female,,148368,24,387.0,Full-time,747365,2,5,0
418,3848,57,Female,286527.0,166470,12,841.0,Part-time,232682,4,8,0
419,1397,35,Male,485477.0,23261,12,608.0,Unemployed,428886,0,1,0
420,2300,42,Female,160659.0,86709,36,642.0,Full-time,979651,3,5,0
421,1815,50,Male,77716.0,105985,6,735.0,Unemployed,229171,0,1,0
422,4987,64,Female,446452.0,285796,12,476.0,Part-time,373839,2,3,0
423,2527,57,Female,459064.0,277247,24,438.0,Self-employed,167558,1,7,1
424,2919,60,Male,52352.0,297644,6,493.0,Self-employed,983061,3,6,0
425,2415,29,Male,183004.0,256404,6,485.0,Part-time,296412,0,8,0
426,2158,61,Male,388593.0,110336,36,517.0,Part-time,107338,0,6,0
427,2218,53,Male,58556.0,123499,36,463.0,Part-time,474551,0,0,0
428,1400,21,Male,311973.0,159524,36,460.0,Full-time,288480,1,1,1
429,1639,22,Male,398980.0,176508,36,,Unemployed,790073,0,5,0
430,4104,54,Unknown,186570.0,157026,24,341.0,Unemployed,87132,4,6,0
431,3735,25,Male,257190.0,260819,36,509.0,Unemployed,295103,4,2,0
432,1459,59,Male,100098.0,22356,12,574.0,Part-time,144378,0,8,0
433,1954,45,Female,424313.0,138128,24,578.0,Unemployed,177254,4,6,1
434,4954,48,Male,190641.0,12187,36,550.0,Part-time,598411,3,5,0
435,1469,26,Unknown,297199.0,162297,12,609.0,Full-time,449542,4,5,1
436,4446,46,Female,,144678,12,439.0,Self-employed,752255,0,0,0
437,2045,31,Female,237954.0,136270,12,845.0,Part-time,545786,2,4,1
438,3797,57,Male,251465.0,286531,6,829.0,Part-time,594486,3,9,0
439,2693,58,Male,180544.0,252998,6,356.0,Self-employed,500585,1,2,1
440,3085,39,Male,50340.0,251503,36,411.0,Self-employed,27197,0,6,1
441,3277,28,Female,225021.0,72061,36,304.0,Full-time,676079,1,9,1
442,4436,40,Male,132302.0,245497,12,709.0,Unemployed,108775,2,2,0
443,1562,18,Male,272740.0,91257,6,713.0,Part-time,811464,1,4,0
444,3485,63,Unknown,50138.0,71753,6,481.0,Unemployed,846056,0,6,0
445,2799,54,Male,443574.0,33408,36,312.0,Part-time,864609,0,2,0
446,4354,38,Male,169619.0,134116,12,638.0,Full-time,828396,2,9,0
447,3074,43,Male,397520.0,141208,12,558.0,Self-employed,685388,0,1,0
448,1225,63,Unknown,149931.0,27413,12,389.0,Full-time,111030,2,5,0
449,4348,53,Male,473870.0,123650,12,549.0,Self-employed,316790,2,7,0
450,1797,40,Female,206951.0,69500,12,554.0,Unemployed,867619,0,3,0
451,4680,18,Female,393676.0,66358,36,407.0,Unemployed,401752,4,8,0
452,3331,57,Male,367922.0,76197,24,784.0,Full-time,641687,2,7,0
453,3926,32,Female,,233861,24,557.0,Self-employed,56747,0,6,0
454,1959,38,Male,,233492,12,581.0,Full-time,45712,4,6,0
455,2504,64,Male,76762.0,271545,24,387.0,Self-employed,399489,2,2,0
456,1452,26,Female,194355.0,86240,24,503.0,Self-employed,333964,4,5,1
457,4067,26,Female,244994.0,245595,6,315.0,Unemployed,125342,3,4,1
458,4900,27,Female,220492.0,231135,24,450.0,Unemployed,615516,3,0,1
459,1815,43,Female,367712.0,288466,12,553.0,Self-employed,336497,4,2,1
460,1658,58,Male,397234.0,16968,36,487.0,Self-employed,487707,2,0,0
461,4587,52,Male,332363.0,299662,12,628.0,Self-employed,92091,0,3,0
462,1546,42,Male,369313.0,200920,36,843.0,Unemployed,348058,1,9,0
463,2215,43,Male,124965.0,273844,6,696.0,Unemployed,181902,0,2,0
464,4120,28,Male,227912.0,242076,24,,Part-time,893150,1,3,0
465,4583,55,Male,225767.0,33199,24,758.0,Self-employed,410343,1,8,0
466,1016,19,Male,286281.0,173187,24,629.0,Part-time,246222,2,2,0
467,4243,24,Male,134754.0,195388,12,468.0,Self-employed,214560,4,5,0
468,2243,35,Female,127988.0,15520,12,665.0,Unemployed,535827,0,5,0
469,3205,44,Female,,119814,24,477.0,Part-time,702121,4,6,0
470,3524,51,Male,182379.0,177527,12,661.0,Part-time,832651,3,8,0
471,2069,44,Female,130388.0,256356,12,339.0,Full-time,932196,2,6,0
472,4444,34,Female,402912.0,133364,24,715.0,Self-employed,275478,2,0,0
473,3565,60,Male,347572.0,24955,24,654.0,Unemployed,946119,3,7,0
474,3146,61,Female,289779.0,185121,12,554.0,Full-time,794335,0,4,1
475,4963,41,Female,404165.0,154989,12,442.0,Full-time,421743,3,8,0
476,2768,42,Female,430562.0,260144,12,310.0,Self-employed,933133,0,9,0
477,2060,24,Male,256846.0,74925,24,,Full-time,514906,1,4,0
478,3327,23,Female,220047.0,80269,24,720.0,Self-employed,582296,2,4,0
479,4420,41,Male,182212.0,162185,36,520.0,Full-time,476492,0,1,0
480,3544,50,Female,468058.0,109977,36,795.0,Self-employed,361462,4,2,0
481,1301,46,Female,338565.0,39345,12,536.0,Unemployed,419924,4,9,0
482,1180,60,Female,313852.0,265688,6,536.0,Self-employed,666220,2,8,1
483,1606,39,Female,446846.0,271798,6,518.0,Self-employed,934942,3,6,1
484,4170,43,Female,462811.0,188933,12,786.0,Part-time,67300,3,0,0
485,1699,45,Male,126021.0,107406,36,760.0,Unemployed,391407,0,2,0
486,1992,38,Male,209380.0,13453,24,443.0,Unemployed,989049,3,1,0
487,2139,24,Female,94789.0,112811,12,488.0,Unemployed,807274,2,0,0
488,1190,34,Male,498906.0,64935,12,554.0,Full-time,191285,0,8,0
489,3300,37,Male,76086.0,184442,24,367.0,Part-time,828804,1,7,1
490,1980,58,Male,329003.0,280472,24,635.0,Unemployed,376460,3,4,0
491,3975,37,Male,57684.0,25534,6,708.0,Full-time,98971,3,1,1
492,3006,39,Female,141088.0,46320,36,599.0,Full-time,986410,0,0,0
493,2184,45,Female,444423.0,59170,24,656.0,Full-time,38744,4,6,0
494,4327,57,Female,96099.0,110546,6,555.0,Part-time,378226,3,1,0
495,4394,24,Female,116093.0,90201,36,652.0,Full-time,319586,2,0,1
496,1127,18,Male,210761.0,244473,6,820.0,Part-time,915502,3,1,1
497,3065,49,Male,360795.0,280784,36,823.0,Self-employed,610278,1,6,0
498,2816,30,Female,,241324,36,583.0,Full-time,908102,3,6,0
499,2758,47,Male,116418.0,171121,24,611.0,Unemployed,369061,4,9,0
500,3613,40,Female,175074.0,243612,24,398.0,Full-time,234975,3,5,1
501,1569,36,Female,415209.0,197125,12,496.0,Self-employed,527938,0,4,1
502,2346,49,Male,180351.0,210796,36,781.0,Self-employed,569405,3,2,0
503,2895,47,Female,241083.0,153279,24,525.0,Full-time,877676,4,2,0
504,3733,46,Female,88635.0,206846,24,664.0,Self-employed,970276,0,8,0
505,4863,62,Female,499331.0,174044,36,,Part-time,789622,2,3,0
506,1625,46,Male,145071.0,212160,36,374.0,Part-time,48113,0,8,0
507,4359,47,Male,390662.0,80463,36,341.0,Full-time,139861,1,3,0
508,3901,33,Female,418377.0,103500,12,721.0,Part-time,32125,0,1,1
509,2686,57,Male,415795.0,217772,36,480.0,Part-time,229767,2,3,0
510,4009,36,Male,122805.0,47158,24,844.0,Unemployed,392144,3,5,1
511,4710,35,Female,471280.0,94607,36,370.0,Full-time,934963,0,5,0
512,1154,18,Male,434957.0,255017,24,404.0,Self-employed,690778,0,4,0
513,3537,31,Female,391207.0,130076,12,499.0,Full-time,898336,0,0,0
514,2409,64,Female,314598.0,68692,12,400.0,Part-time,178157,0,2,0
515,1784,19,Female,333022.0,140841,24,606.0,Unemployed,543056,2,4,0
516,4175,45,Male,232170.0,202816,24,676.0,Full-time,705321,4,5,0
517,4464,47,Female,243226.0,287954,12,698.0,Full-time,343243,4,0,0
518,4882,55,Male,194063.0,171081,24,520.0,Part-time,253807,0,8,0
519,1245,21,Male,,121718,12,481.0,Part-time,683245,2,2,0
520,4247,18,Female,417090.0,10192,36,606.0,Full-time,611709,2,9,0
521,4110,25,Male,86593.0,257536,12,,Part-time,716442,0,2,0
522,2500,46,Male,86304.0,46413,6,695.0,Part-time,793327,1,1,0
523,2705,56,Female,473602.0,153888,6,303.0,Part-time,181383,0,7,0
524,3806,20,Male,236292.0,49082,6,580.0,Part-time,744854,1,2,0
525,1537,49,Male,163613.0,133130,12,514.0,Part-time,198139,0,5,1
526,2890,27,Female,250410.0,60940,6,719.0,Unemployed,71017,1,1,0
527,2841,27,Female,464299.0,173202,6,400.0,Part-time,810364,1,6,0
528,1920,36,Female,68354.0,50142,36,820.0,Self-employed,545648,0,3,0
529,3455,63,Male,334334.0,46468,36,608.0,Full-time,841279,1,8,0
530,1524,51,Male,56142.0,151727,12,809.0,Unemployed,502394,3,9,1
531,3875,50,Male,471614.0,188969,36,362.0,Unemployed,614653,4,8,0
532,2529,40,Male,233043.0,246187,6,525.0,Part-time,609756,2,6,0
533,3950,45,Female,354006.0,52056,24,404.0,Full-time,257137,1,7,0
534,4896,49,Male,234482.0,61831,24,724.0,Self-employed,301075,1,2,0
535,1035,24,Male,200575.0,259664,12,554.0,Part-time,55823,2,4,0
536,1684,46,Female,175438.0,118117,12,728.0,Full-time,824464,1,1,0
537,1019,25,Female,98456.0,286815,12,733.0,Part-time,771279,2,9,0
538,3368,18,Female,,299192,12,506.0,Part-time,736786,0,6,1
539,4847,20,Male,394179.0,298107,24,327.0,Part-time,18807,3,7,0
540,3559,41,Male,320160.0,53954,6,635.0,Part-time,929271,3,8,0
541,1399,40,Male,314528.0,243192,6,368.0,Part-time,663431,4,6,0
542,3701,25,Male,243392.0,10717,6,812.0,Part-time,577701,1,9,0
543,1971,64,Female,458288.0,283820,12,466.0,Part-time,681509,4,9,0
544,2906,54,Female,152239.0,190882,24,667.0,Self-employed,539828,0,7,0
545,3518,20,Female,161431.0,128696,6,550.0,Unemployed,756572,3,8,0
546,2166,50,Female,392162.0,14994,36,469.0,Self-employed,70248,0,5,1
547,2115,45,Male,90510.0,276378,12,389.0,Part-time,252515,0,9,1
548,4425,64,Female,230005.0,79300,6,745.0,Part-time,747097,1,1,0
549,1833,25,Male,,47405,24,593.0,Self-employed,110494,0,1,0
550,2823,51,Female,380170.0,33185,6,449.0,Self-employed,773931,3,3,0
551,3774,52,Female,171668.0,184514,24,431.0,Unemployed,609723,4,8,0
552,2982,49,Male,292700.0,143653,24,732.0,Self-employed,544075,3,6,0
553,1853,41,Male,468734.0,61717,12,358.0,Unemployed,283126,1,1,0
554,1050,31,Unknown,74045.0,12763,6,498.0,Part-time,250768,3,7,0
555,4736,49,Male,231948.0,65480,12,514.0,Full-time,546894,2,6,0
556,4769,63,Male,140102.0,179831,6,,Full-time,782920,4,8,0
557,1574,60,Male,364063.0,217139,6,546.0,Full-time,927654,2,7,1
558,4261,33,Female,149441.0,128094,12,681.0,Full-time,772783,2,2,0
559,2148,21,Female,208175.0,166379,12,538.0,Part-time,233867,1,0,0
560,3197,54,Female,299877.0,237443,24,666.0,Full-time,112223,0,1,0
561,3361,38,Male,479404.0,21064,24,467.0,Self-employed,571224,2,1,0
562,3617,31,Female,186917.0,86848,24,350.0,Self-employed,617574,3,3,0
563,4413,48,Male,,47548,6,679.0,Full-time,926097,0,5,0
564,3352,35,Female,479890.0,178017,6,773.0,Self-employed,934862,3,3,0
565,2715,24,Female,168325.0,278620,36,379.0,Unemployed,999647,3,8,0
566,1681,27,Male,69337.0,12382,24,666.0,Part-time,561669,0,3,0
567,1837,24,Male,203385.0,186348,36,760.0,Full-time,383609,0,5,1
568,4854,50,Male,470159.0,89698,12,838.0,Full-time,814506,3,5,0
569,2077,40,Male,390093.0,255762,24,751.0,Part-time,413811,1,9,0
570,4050,38,Male,312420.0,253381,24,763.0,Self-employed,568482,4,9,0
571,3491,36,Female,363295.0,55095,12,777.0,Part-time,704737,4,0,0
572,3660,36,Female,,299341,12,719.0,Part-time,288997,1,7,0
573,4040,53,Male,193016.0,32010,24,513.0,Self-employed,335863,0,2,0
574,3311,46,Male,,143962,12,668.0,Part-time,151733,3,5,0
575,4124,35,Male,131442.0,119162,12,413.0,Self-employed,523512,4,2,0
576,2595,19,Female,99847.0,280170,24,,Self-employed,705853,3,1,0
577,4051,18,Male,108653.0,78842,36,610.0,Part-time,643012,1,4,0
578,4691,64,Female,267144.0,281421,12,768.0,Unemployed,237777,3,0,0
579,1004,22,Female,303661.0,183311,12,343.0,Self-employed,167567,1,8,0
580,2126,37,Female,368766.0,286827,6,714.0,Part-time,13703,0,6,0
581,2219,28,Female,339954.0,141742,24,545.0,Self-employed,970584,1,2,0
582,1773,59,Male,127842.0,230283,12,383.0,Unemployed,948319,1,3,0
583,1876,19,Female,434369.0,158961,36,506.0,Unemployed,947069,4,5,0
584,1991,20,Male,322647.0,185607,12,450.0,Full-time,980825,3,2,0
585,3931,40,Male,134761.0,255144,12,827.0,Self-employed,903923,4,6,0
586,4421,29,Female,480192.0,162711,24,464.0,Self-employed,58453,2,5,0
587,1046,37,Female,438583.0,205784,36,444.0,Part-time,612766,1,8,0
588,3914,22,Female,323734.0,262217,12,336.0,Self-employed,501738,2,4,0
589,3870,54,Male,191958.0,173244,12,632.0,Full-time,819593,4,3,0
590,3983,55,Male,456082.0,111158,36,702.0,Unemployed,187063,3,2,0
591,4891,47,Female,378768.0,283721,6,713.0,Unemployed,376440,4,9,0
592,3703,26,Male,213864.0,292320,36,344.0,Full-time,238411,3,0,0
593,1268,51,Female,,73972,6,701.0,Self-employed,402932,3,2,0
594,1369,61,Female,306910.0,292140,24,505.0,Self-employed,819781,0,2,0
595,1635,52,Female,170356.0,110922,24,361.0,Full-time,571386,1,6,0
596,2129,39,Male,267228.0,45931,12,719.0,Part-time,370579,4,6,0
597,2693,61,Male,92727.0,134168,36,767.0,Unemployed,917636,3,0,0
598,2682,41,Male,390615.0,176782,6,318.0,Full-time,51990,4,2,0
599,1656,34,Female,58068.0,133099,12,664.0,Full-time,331065,4,7,1
600,1119,27,Male,166923.0,44693,24,599.0,Self-employed,691898,3,8,0
601,1830,47,Female,450511.0,118944,12,306.0,Unemployed,624860,2,6,0
602,2810,63,Male,484376.0,234655,24,727.0,Self-employed,761269,1,6,0
603,4675,40,Unknown,61390.0,217574,6,416.0,Full-time,269357,1,7,0
604,2081,49,Male,156752.0,289518,6,806.0,Part-time,124693,0,5,0
605,2974,34,Male,463347.0,257572,6,845.0,Unemployed,175295,0,2,1
606,2369,34,Male,406898.0,55913,6,624.0,Full-time,878087,0,0,0
607,1740,31,Female,388113.0,207097,12,354.0,Full-time,785786,1,6,0
608,4545,26,Female,,97796,24,341.0,Part-time,330515,2,0,0
609,1116,57,Female,495543.0,298213,36,596.0,Full-time,68274,1,0,0
610,2853,19,Male,274790.0,94811,36,530.0,Full-time,894285,1,8,0
611,3838,62,Male,389208.0,200121,6,752.0,Unemployed,266278,1,9,0
612,2150,42,Female,71281.0,242892,12,693.0,Unemployed,877860,1,6,0
613,4464,56,Male,104189.0,49178,6,821.0,Unemployed,563889,2,3,0
614,2931,26,Male,312093.0,26999,12,,Self-employed,860321,0,5,0
615,2012,39,Unknown,360655.0,205623,24,743.0,Part-time,277834,4,0,0
616,2664,60,Unknown,172115.0,181244,6,427.0,Unemployed,264053,0,6,0
617,2081,63,Female,58605.0,282769,12,704.0,Self-employed,353383,0,5,0
618,1633,21,Female,412462.0,208237,36,691.0,Self-employed,342176,4,3,0
619,1512,43,Male,444597.0,16859,12,492.0,Part-time,536350,1,6,0
620,4822,46,Male,331954.0,120986,12,377.0,Part-time,337530,2,2,0
621,3849,62,Female,299415.0,242654,6,384.0,Full-time,748597,2,0,0
622,2119,51,Female,205394.0,293983,12,329.0,Self-employed,690091,0,3,0
623,4709,40,Male,91869.0,299360,36,,Unemployed,136225,4,2,0
624,2141,54,Male,82955.0,59522,6,444.0,Part-time,141553,3,0,1
625,1559,28,Male,111388.0,240233,12,368.0,Self-employed,99270,1,1,0
626,4672,23,Female,291324.0,17485,6,357.0,Unemployed,852857,0,4,0
627,1487,35,Female,60207.0,253056,12,778.0,Self-employed,718960,2,7,0
628,4308,38,Female,268401.0,122701,6,744.0,Part-time,609269,4,0,0
629,4956,59,Male,209292.0,217352,36,595.0,Full-time,989501,4,3,0
630,1896,53,Unknown,255157.0,112638,36,470.0,Self-employed,628758,0,3,1
631,4343,58,Female,72031.0,194514,24,446.0,Unemployed,683565,3,4,0
632,2212,55,Male,392951.0,284370,12,783.0,Part-time,88887,2,6,1
633,1703,51,Male,121312.0,103405,36,605.0,Full-time,343686,0,7,0
634,2470,34,Male,109766.0,294732,24,745.0,Unemployed,961653,3,5,0
635,1580,54,Male,193521.0,220048,12,520.0,Unemployed,835544,4,0,0
636,3837,42,Female,401977.0,172781,24,677.0,Unemployed,142012,1,6,0
637,3908,55,Male,237771.0,47019,6,565.0,Self-employed,845442,2,2,0
638,3294,29,Female,287199.0,271497,6,394.0,Part-time,732154,2,5,1
639,4147,40,Male,286731.0,75133,24,561.0,Unemployed,286629,3,7,0
640,1153,59,Male,285841.0,207530,12,370.0,Self-employed,613587,0,6,1
641,2679,39,Male,161041.0,168598,24,518.0,Part-time,517537,4,9,0
642,4506,38,Male,166185.0,138585,12,832.0,Part-time,892016,3,5,1
643,1996,44,Female,227164.0,255172,36,391.0,Self-employed,394283,1,8,0
644,4157,48,Female,60350.0,135814,36,426.0,Self-employed,807039,1,8,0
645,3744,23,Female,277230.0,35939,36,379.0,Unemployed,240491,1,0,0
646,4356,44,Female,413003.0,163939,12,537.0,Part-time,585885,3,0,0
647,2243,57,Male,311570.0,272347,6,671.0,Full-time,257808,4,0,0
648,2092,51,Male,118487.0,100880,12,785.0,Self-employed,860986,2,7,0
649,4118,29,Male,198694.0,13748,6,324.0,Part-time,966025,0,9,0
650,2008,62,Female,173853.0,246094,6,455.0,Part-time,767842,2,6,1
651,3141,24,Male,365261.0,161956,24,816.0,Unemployed,801619,4,2,0
652,2773,27,Male,285062.0,166255,24,829.0,Full-time,758271,2,1,0
653,1957,62,Female,283077.0,160331,36,356.0,Unemployed,790417,3,3,0
654,4059,34,Male,413228.0,177031,12,318.0,Full-time,698412,1,2,1
655,1452,43,Male,73782.0,135829,12,683.0,Full-time,150635,4,6,0
656,2227,38,Male,340598.0,138216,6,,Self-employed,702682,4,9,1
657,3959,45,Female,380048.0,75901,36,536.0,Part-time,716605,2,7,1
658,3265,63,Female,179936.0,253386,24,686.0,Part-time,837946,3,5,1
659,3521,19,Female,458808.0,185607,36,725.0,Part-time,280752,2,2,1
660,3479,60,Male,203245.0,108046,36,576.0,Full-time,984766,2,5,0
661,3388,18,Unknown,476420.0,88278,24,526.0,Part-time,857759,4,1,0
662,1550,53,Female,478812.0,284535,12,622.0,Self-employed,712585,2,6,0
663,2635,43,Male,477540.0,112476,12,452.0,Full-time,467210,1,9,0
664,2312,46,Female,172258.0,107537,24,536.0,Full-time,252773,2,6,0
665,4325,38,Male,161668.0,191429,12,354.0,Full-time,279365,1,3,0
666,2757,28,Female,436328.0,227980,12,735.0,Full-time,834938,4,7,0
667,1356,57,Female,473966.0,85403,36,408.0,Self-employed,807400,3,3,0
668,3070,28,Male,328710.0,74286,36,483.0,Part-time,389821,1,6,0
669,2785,53,Unknown,188262.0,114927,24,667.0,Self-employed,213678,3,3,1
670,3569,56,Female,88333.0,287052,24,497.0,Part-time,421153,3,4,0
671,2781,57,Female,434073.0,33386,24,670.0,Self-employed,455651,1,6,0
672,4908,52,Male,261977.0,187826,6,672.0,Unemployed,180580,4,9,0
673,4171,51,Male,,262156,6,796.0,Unemployed,786064,0,2,0
674,3849,64,Male,170263.0,258724,24,500.0,Unemployed,519911,3,9,1
675,4251,41,Female,444805.0,211202,24,808.0,Unemployed,172903,3,4,0
676,4294,39,Male,75235.0,35525,6,621.0,Full-time,436149,4,2,0
677,4977,22,Female,50159.0,89818,36,574.0,Full-time,440523,4,4,0
678,3809,50,Female,193217.0,124589,6,510.0,Self-employed,703700,2,2,0
679,4730,53,Male,212993.0,155406,12,803.0,Self-employed,102951,4,9,0
680,3489,64,Female,417003.0,104715,24,417.0,Unemployed,894738,3,6,0
681,2631,37,Male,197309.0,203839,6,341.0,Part-time,305745,1,0,0
682,3816,36,Unknown,157507.0,278788,6,614.0,Unemployed,731316,0,8,1
683,2015,52,Female,451460.0,267438,12,628.0,Self-employed,72178,2,8,0
684,2348,60,Male,64743.0,177679,24,316.0,Unemployed,216383,1,4,0
685,1515,34,Male,278174.0,93178,12,582.0,Self-employed,159826,0,8,0
686,4087,62,Male,96101.0,185458,24,557.0,Unemployed,960814,0,9,0
687,3839,60,Female,292717.0,264466,24,318.0,Part-time,69893,0,5,0
688,1335,51,Female,171534.0,96724,6,,Unemployed,348943,1,4,0
689,2782,26,Female,396371.0,239204,36,722.0,Part-time,513223,2,2,1
690,3305,43,Male,280604.0,106393,6,765.0,Part-time,834799,2,7,0
691,1496,19,Male,237450.0,86312,36,672.0,Self-employed,275345,0,3,1
692,1895,26,Male,383270.0,81196,24,380.0,Part-time,920243,1,9,0
693,3207,26,Female,368215.0,80014,36,847.0,Full-time,275375,0,2,1
694,4546,57,Female,252193.0,151994,6,723.0,Full-time,256682,4,5,0
695,1851,34,Male,386907.0,43340,12,728.0,Full-time,238886,2,7,0
696,2687,18,Male,285422.0,123711,6,687.0,Self-employed,435711,3,8,0
697,2931,42,Female,455453.0,225250,6,503.0,Full-time,414384,0,5,1
698,3737,60,Female,196721.0,21094,24,495.0,Self-employed,425840,4,4,1
699,4746,57,Female,218785.0,277885,12,584.0,Self-employed,141707,2,1,0
700,3427,59,Female,,121585,24,495.0,Full-time,534252,1,1,0
701,2568,42,Male,226481.0,78798,6,606.0,Part-time,421001,2,8,0
702,1956,56,Male,229838.0,211604,12,313.0,Unemployed,750406,1,1,0
703,3738,52,Female,96154.0,120130,24,445.0,Self-employed,738157,1,1,0
704,4498,20,Female,319160.0,294308,12,356.0,Full-time,740150,0,2,1
705,2636,54,Male,491904.0,176667,24,509.0,Self-employed,732288,0,2,0
706,2291,61,Female,401822.0,40257,24,828.0,Part-time,12336,2,3,0
707,4906,61,Female,424200.0,62691,36,643.0,Part-time,863907,4,6,0
708,4648,47,Female,104238.0,89768,12,578.0,Full-time,420628,2,8,0
709,2440,55,Female,370752.0,24026,24,508.0,Self-employed,82212,3,1,0
710,2191,51,Male,139081.0,235162,36,634.0,Unemployed,861811,1,3,0
711,4913,29,Female,297644.0,29610,24,587.0,Unemployed,45591,1,8,0
712,2066,36,Female,475113.0,187718,12,551.0,Self-employed,848182,0,1,0
713,4627,54,Female,363105.0,188646,24,564.0,Self-employed,877080,4,9,0
714,1284,61,Female,249775.0,232123,24,570.0,Self-employed,882566,0,0,0
715,3444,34,Female,487973.0,29288,24,718.0,Full-time,428670,3,9,0
716,1011,27,Male,339061.0,94425,6,510.0,Part-time,622825,2,7,0
717,2630,64,Female,465952.0,10917,6,664.0,Unemployed,849104,2,8,1
718,4373,29,Female,340134.0,263187,36,375.0,Full-time,289372,4,6,0
719,4969,33,Female,,49104,12,620.0,Self-employed,14429,0,7,0
720,4324,41,Female,260695.0,159134,24,732.0,Self-employed,84294,0,3,1
721,3546,36,Female,203512.0,289143,12,,Part-time,985312,3,3,0
722,1753,25,Male,216277.0,272091,24,821.0,Self-employed,377721,2,1,0
723,3082,48,Female,130811.0,71169,6,346.0,Full-time,184087,0,7,1
724,3774,38,Male,304840.0,164542,6,678.0,Full-time,874506,4,1,1
725,3896,34,Male,367247.0,139744,36,395.0,Part-time,331080,2,8,0
726,1089,40,Female,484843.0,69821,36,,Full-time,211979,3,3,0
727,1775,54,Female,418266.0,227741,24,445.0,Unemployed,843810,4,0,0
728,3652,33,Male,284104.0,259265,12,326.0,Full-time,37310,1,3,0
729,4993,23,Male,69008.0,224127,24,829.0,Full-time,626115,3,2,0
730,4017,25,Female,252346.0,284336,24,381.0,Full-time,199899,4,5,0
731,2625,42,Male,82402.0,213834,24,727.0,Unemployed,428472,0,6,1
732,4069,35,Male,234456.0,244538,6,778.0,Self-employed,207500,1,7,0
733,1417,42,Male,309994.0,96795,24,461.0,Full-time,99862,3,1,0
734,1114,29,Male,449009.0,175159,24,701.0,Part-time,301033,0,5,0
735,1616,32,Male,186643.0,145699,36,807.0,Unemployed,313572,1,5,0
736,4974,43,Male,459425.0,253877,6,337.0,Part-time,372646,2,9,0
737,4267,58,Male,163550.0,209298,24,810.0,Full-time,430423,0,4,0
738,1825,62,Female,486364.0,198505,24,692.0,Part-time,574543,4,9,0
739,4572,43,Female,141218.0,146285,12,793.0,Full-time,367968,3,9,0
740,2649,64,Female,183296.0,112412,6,499.0,Unemployed,222603,1,6,1
741,2516,49,Male,229767.0,29404,12,554.0,Part-time,791841,0,2,0
742,4146,27,Male,432923.0,126545,12,478.0,Part-time,42438,2,3,1
743,1412,33,Female,441858.0,232128,12,846.0,Full-time,241482,3,9,0
744,4447,24,Male,291060.0,160245,24,688.0,Full-time,765598,3,8,0
745,4491,34,Female,290016.0,194099,24,697.0,Self-employed,785372,0,3,0
746,1728,40,Female,82441.0,296133,24,457.0,Full-time,794301,2,2,0
747,4348,43,Female,288038.0,271657,36,303.0,Full-time,494476,1,1,0
748,4068,38,Male,220201.0,296663,12,466.0,Self-employed,712222,0,4,0
749,3808,39,Male,281324.0,266875,12,767.0,Full-time,481153,1,3,0
750,1675,24,Female,,294583,24,708.0,Full-time,812390,3,7,0
751,4465,31,Male,142122.0,24995,6,711.0,Self-employed,207374,1,6,0
752,2892,32,Female,94760.0,33559,12,503.0,Unemployed,937272,2,5,0
753,3504,24,Female,335622.0,108000,12,493.0,Unemployed,751690,4,1,0
754,3967,26,Unknown,440025.0,162191,6,534.0,Full-time,681505,2,2,0
755,3239,25,Male,383998.0,35517,36,449.0,Full-time,337766,1,9,0
756,3786,40,Female,406374.0,225558,12,458.0,Self-employed,501955,0,8,0
757,4760,46,Female,397860.0,115686,12,578.0,Self-employed,550730,3,8,0
758,2122,35,Male,193252.0,98151,6,703.0,Unemployed,81948,4,4,0
759,2571,48,Male,148538.0,275471,24,610.0,Part-time,254657,0,2,0
760,1977,47,Female,65372.0,130318,12,,Full-time,287740,0,1,0
761,2008,56,Male,341940.0,205490,24,762.0,Part-time,600079,2,7,0
762,3143,52,Male,271035.0,183860,12,387.0,Part-time,566694,1,5,0
763,2687,35,Male,410970.0,125945,6,516.0,Self-employed,40524,2,9,1
764,3710,59,Female,432736.0,223456,24,300.0,Full-time,154404,1,6,0
765,4261,56,Female,405779.0,62446,6,434.0,Full-time,110160,2,0,0
766,4807,34,Female,161022.0,197655,12,650.0,Self-employed,146836,0,0,0
767,1036,31,Male,104040.0,150148,12,439.0,Part-time,682923,3,9,0
768,4851,48,Male,387501.0,79341,36,432.0,Self-employed,480891,1,1,0
769,4440,41,Female,252440.0,41085,6,,Unemployed,167442,4,9,0
770,4766,52,Female,128356.0,15750,24,657.0,Full-time,791494,4,2,0
771,2548,61,Male,328355.0,45903,6,679.0,Unemployed,568933,0,0,0
772,3326,62,Female,417570.0,213561,12,749.0,Self-employed,384903,2,4,1
773,3264,51,Unknown,,101036,12,762.0,Full-time,269388,2,2,0
774,3914,20,Female,378996.0,97954,36,407.0,Unemployed,923876,0,0,0
775,1872,54,Female,437881.0,127305,12,421.0,Unemployed,760769,4,7,0
776,2821,60,Female,358112.0,210753,6,316.0,Part-time,781608,4,5,0
777,2296,57,Male,329652.0,42101,12,495.0,Full-time,85501,2,8,0
778,4952,43,Female,203077.0,12775,6,626.0,Unemployed,117450,1,2,0
779,3109,40,Unknown,104575.0,121497,6,617.0,Unemployed,719831,3,8,0
780,1595,61,Male,200043.0,55619,24,778.0,Part-time,765893,1,8,1
781,2903,56,Female,468815.0,262388,6,551.0,Unemployed,279100,4,0,0
782,1728,32,Female,116914.0,243346,6,802.0,Unemployed,957977,1,2,0
783,2365,21,Female,299134.0,75149,24,418.0,Unemployed,931398,3,5,0
784,1396,46,Female,117055.0,36616,12,797.0,Part-time,492134,1,7,0
785,1698,39,Female,137697.0,231767,6,785.0,Unemployed,200658,1,3,0
786,4090,42,Female,156239.0,195639,12,344.0,Unemployed,540997,1,4,0
787,3224,30,Male,285469.0,178171,24,613.0,Full-time,736618,1,8,1
788,2635,35,Female,173106.0,216903,12,478.0,Full-time,380572,0,5,0
789,1395,50,Male,317499.0,241318,12,717.0,Part-time,277354,4,6,0
790,3492,33,Male,366264.0,297623,6,377.0,Self-employed,967014,3,6,1
791,4304,62,Male,350486.0,65863,24,625.0,Full-time,888513,4,3,0
792,4986,59,Female,52257.0,183115,12,656.0,Part-time,169746,0,3,0
793,1075,61,Male,339508.0,263347,24,,Unemployed,518467,0,3,0
794,1264,19,Female,,199052,36,814.0,Unemployed,100025,0,4,0
795,3502,52,Female,161715.0,288495,24,513.0,Part-time,410949,0,4,0
796,2819,59,Female,76654.0,145203,12,373.0,Unemployed,151152,1,7,0
797,1717,51,Male,261841.0,257908,12,808.0,Unemployed,495416,4,8,0
798,3782,47,Female,393567.0,283493,12,631.0,Self-employed,184484,2,1,0
799,4455,30,Female,341464.0,202003,6,392.0,Unemployed,910908,3,6,0
800,4635,30,Female,70808.0,284597,6,818.0,Full-time,190043,0,0,0
801,1850,35,Male,102389.0,159886,24,568.0,Unemployed,957213,4,0,1
802,4577,49,Male,168581.0,159335,12,675.0,Part-time,846278,0,3,0
803,2390,49,Male,177927.0,87694,12,303.0,Self-employed,65480,0,9,1
804,1143,52,Male,84773.0,25735,24,437.0,Unemployed,767128,0,6,0
805,1884,56,Male,232240.0,185745,24,530.0,Part-time,315104,0,1,0
806,4140,63,Female,470963.0,230534,6,828.0,Full-time,234622,0,1,0
807,4170,46,Male,388540.0,55066,36,351.0,Unemployed,434368,3,0,0
808,1395,46,Male,419836.0,241387,6,624.0,Self-employed,420466,4,9,0
809,4096,61,Male,,144445,24,576.0,Unemployed,872197,0,1,0
810,3995,33,Male,107505.0,282836,24,835.0,Part-time,641553,0,6,0
811,3938,61,Male,,55541,24,785.0,Self-employed,834569,0,8,0
812,2492,64,Male,68135.0,175129,24,815.0,Unemployed,737371,0,5,0
813,4555,27,Male,140887.0,76983,6,451.0,Full-time,118922,1,9,0
814,4636,47,Female,172118.0,160655,12,782.0,Self-employed,516576,1,1,0
815,4222,42,Unknown,359521.0,163837,24,558.0,Full-time,645568,2,9,0
816,2167,56,Male,204626.0,200359,12,623.0,Part-time,439628,0,9,1
817,3616,37,Male,374635.0,220747,36,467.0,Unemployed,306020,2,8,0
818,2062,22,Female,498837.0,187597,12,609.0,Full-time,880979,3,6,0
819,3156,18,Male,295739.0,179302,12,778.0,Part-time,729024,2,0,0
820,4764,47,Male,370427.0,297710,12,355.0,Unemployed,836659,4,8,0
821,2065,20,Female,329067.0,262084,12,772.0,Part-time,687810,1,1,0
822,2209,62,Male,359735.0,131015,24,595.0,Full-time,84433,1,3,0
823,3982,31,Female,112261.0,182257,24,760.0,Part-time,73704,0,8,0
824,3445,47,Female,366480.0,256536,24,623.0,Self-employed,531149,0,3,0
825,4294,21,Male,386227.0,234021,36,440.0,Unemployed,238366,3,2,1
826,1633,35,Male,110948.0,140956,36,561.0,Part-time,324058,3,0,1
827,2156,54,Female,290891.0,80744,36,719.0,Full-time,63888,4,6,0
828,4234,42,Male,214074.0,83616,6,540.0,Unemployed,865718,0,5,0
829,2238,18,Male,338816.0,97438,24,654.0,Self-employed,585581,0,9,1
830,1732,63,Female,316357.0,126841,12,479.0,Unemployed,213596,3,3,1
831,1234,32,Female,191365.0,150558,6,365.0,Self-employed,68515,3,5,0
832,4914,26,Male,499076.0,179934,24,647.0,Unemployed,416740,3,5,0
833,3705,32,Female,112507.0,262734,12,470.0,Part-time,269209,1,3,1
834,1750,41,Male,107134.0,68870,6,773.0,Part-time,693044,2,5,0
835,3635,21,Female,183172.0,96694,6,833.0,Full-time,613008,2,9,0
836,4080,29,Female,291225.0,247068,6,666.0,Self-employed,164437,0,7,0
837,4145,54,Female,243069.0,111407,36,406.0,Full-time,845308,1,2,1
838,1953,54,Female,340316.0,41379,6,738.0,Part-time,941208,3,3,1
839,3539,60,Unknown,332276.0,246500,12,526.0,Self-employed,188929,0,9,0
840,3960,23,Male,298933.0,64353,12,743.0,Full-time,136694,1,0,0
841,4324,56,Female,330343.0,191068,12,741.0,Full-time,870229,4,3,0
842,4301,63,Male,86609.0,286175,36,695.0,Full-time,241540,1,9,1
843,2542,41,Male,224037.0,221144,6,383.0,Full-time,615429,0,9,0
844,2197,28,Male,189088.0,75982,24,312.0,Full-time,246476,2,8,1
845,2676,30,Female,482995.0,46683,24,792.0,Self-employed,996836,3,7,0
846,2191,51,Unknown,,124091,36,567.0,Full-time,364534,4,3,1
847,3217,42,Male,263666.0,127797,24,824.0,Self-employed,359000,1,6,0
848,2416,24,Male,336616.0,16587,36,419.0,Full-time,852633,0,9,0
849,3993,21,Female,232885.0,239602,6,652.0,Part-time,425910,0,2,0
850,3842,25,Male,281440.0,161599,12,356.0,Part-time,876198,3,8,0
851,3681,37,Male,307803.0,295713,12,339.0,Full-time,22995,0,9,1
852,2217,46,Female,217093.0,283295,36,635.0,Unemployed,878752,0,3,0
853,2540,62,Female,366275.0,200246,6,472.0,Part-time,604429,3,1,0
854,3076,63,Unknown,205159.0,54739,6,846.0,Self-employed,663779,4,9,0
855,4236,27,Male,62828.0,42954,12,558.0,Full-time,441168,2,4,1
856,2445,60,Male,408808.0,253935,6,816.0,Self-employed,689197,2,1,0
857,3386,51,Female,182473.0,119373,6,822.0,Unemployed,70799,1,9,0
858,4719,43,Female,327337.0,44700,36,416.0,Full-time,704237,4,5,0
859,2519,58,Female,273461.0,133728,12,483.0,Part-time,499471,1,9,0
860,2388,20,Female,488080.0,81045,24,415.0,Self-employed,832119,2,0,0
861,2856,23,Male,463523.0,154972,24,461.0,Part-time,755027,3,5,0
862,2365,22,Female,414662.0,11881,12,842.0,Part-time,37276,0,3,0
863,1499,22,Male,331755.0,292933,6,536.0,Full-time,558811,2,2,1
864,2680,64,Male,224863.0,98059,12,365.0,Self-employed,197127,4,1,1
865,1510,40,Female,455166.0,224566,12,369.0,Unemployed,316759,2,6,0
866,4398,26,Male,388384.0,119388,24,746.0,Part-time,489858,4,8,0
867,1216,52,Male,289719.0,208303,12,715.0,Full-time,503256,4,2,0
868,2324,37,Female,258475.0,275406,6,831.0,Full-time,10514,4,5,0
869,2155,59,Male,314889.0,91972,24,,Unemployed,47456,1,8,0
870,2827,52,Female,367387.0,64722,36,763.0,Full-time,7233,3,1,1
871,4141,35,Male,316010.0,191890,36,695.0,Part-time,263246,2,6,0
872,4323,34,Female,213317.0,279045,36,694.0,Full-time,66133,3,4,0
873,4486,41,Male,487940.0,127473,24,625.0,Self-employed,833147,0,4,1
874,2810,20,Male,440825.0,280741,12,390.0,Self-employed,478409,2,6,1
875,3492,49,Unknown,121354.0,225286,24,369.0,Part-time,896977,3,8,0
876,3923,52,Female,101374.0,253896,6,465.0,Self-employed,628373,3,3,0
877,2205,55,Female,164397.0,166877,24,513.0,Unemployed,633389,0,8,0
878,3214,30,Male,298552.0,21874,24,634.0,Full-time,399472,4,9,0
879,1090,64,Female,436721.0,234137,6,668.0,Part-time,108684,2,8,0
880,1713,42,Female,473332.0,286223,24,348.0,Unemployed,326944,2,3,0
881,2881,26,Female,393173.0,105408,36,351.0,Full-time,522116,0,2,0
882,4602,21,Female,405718.0,130606,12,588.0,Unemployed,619225,4,1,1
883,1038,31,Male,463663.0,130062,36,538.0,Part-time,565836,2,8,0
884,4197,54,Male,,22100,6,432.0,Part-time,989594,2,1,0
885,4522,51,Female,461124.0,160872,24,465.0,Unemployed,209272,2,5,0
886,1172,28,Male,79336.0,204472,12,673.0,Full-time,435583,4,4,0
887,1652,58,Male,353136.0,244196,24,672.0,Self-employed,915277,0,4,0
888,1753,20,Female,,217609,36,777.0,Self-employed,638103,2,3,1
889,2243,45,Female,119561.0,161014,36,778.0,Unemployed,220994,3,5,0
890,4709,46,Female,364099.0,293006,24,599.0,Part-time,987886,4,4,0
891,2081,26,Female,111240.0,283813,12,381.0,Full-time,127602,1,3,0
892,2683,20,Female,201165.0,194844,36,386.0,Full-time,650558,0,8,0
893,3523,42,Male,449371.0,288060,6,524.0,Part-time,912752,3,5,0
894,1455,51,Male,96607.0,283022,36,315.0,Self-employed,943709,2,9,0
895,1828,29,Male,,275129,12,657.0,Full-time,812002,1,9,0
896,1894,59,Male,,214720,6,462.0,Unemployed,423471,0,9,0
897,2384,26,Female,464179.0,51235,24,813.0,Self-employed,545470,4,2,0
898,2958,32,Male,231196.0,291075,12,649.0,Unemployed,301517,1,9,0
899,4072,57,Male,365014.0,102876,12,763.0,Self-employed,305163,1,5,1
900,3434,42,Male,499763.0,10336,12,674.0,Part-time,193691,3,0,1
901,2996,22,Male,114110.0,79504,6,391.0,Unemployed,278187,0,4,1
902,3395,28,Male,234626.0,109214,6,480.0,Unemployed,438748,3,9,0
903,1189,51,Male,202008.0,192220,6,600.0,Part-time,232362,3,5,0
904,1504,41,Male,429039.0,123936,12,488.0,Unemployed,197008,2,7,0
905,2214,32,Male,54426.0,26279,6,613.0,Self-employed,281383,4,8,1
906,2531,55,Male,269911.0,209737,24,792.0,Full-time,141488,1,2,0
907,4440,25,Female,339750.0,113751,12,427.0,Full-time,658772,0,1,0
908,4480,22,Male,491048.0,81386,36,818.0,Part-time,868408,4,3,0
909,1823,43,Male,78151.0,96124,36,725.0,Self-employed,548694,4,7,0
910,1928,35,Female,323452.0,101911,12,486.0,Unemployed,264019,0,7,0
911,1933,23,Male,290853.0,207742,24,849.0,Unemployed,512447,4,2,0
912,2140,54,Female,304595.0,231094,36,752.0,Full-time,954570,2,3,0
913,1133,30,Female,226743.0,247723,36,770.0,Unemployed,495288,4,2,0
914,3105,45,Male,140306.0,92806,24,523.0,Full-time,398968,2,9,0
915,4627,22,Female,275180.0,217605,6,453.0,Part-time,479969,1,1,0
916,1684,30,Male,419128.0,240097,24,650.0,Unemployed,209097,1,3,1
917,3719,34,Female,52204.0,207478,24,446.0,Self-employed,394569,3,5,0
918,3220,57,Male,142769.0,180591,24,648.0,Unemployed,682346,2,4,0
919,2852,62,Female,137265.0,175596,12,481.0,Full-time,801123,1,2,0
920,1814,49,Male,343275.0,174957,36,478.0,Part-time,200919,4,1,0
921,2172,46,Female,102428.0,242204,36,338.0,Full-time,834507,0,8,0
922,1079,20,Female,83870.0,191871,12,302.0,Unemployed,10794,0,0,0
923,3933,57,Male,153547.0,253154,6,363.0,Full-time,199542,2,8,0
924,4284,51,Male,285990.0,82307,6,328.0,Full-time,671766,3,0,0
925,1202,57,Female,99067.0,245998,36,671.0,Part-time,338074,4,6,1
926,3811,44,Female,288083.0,131757,24,822.0,Self-employed,771257,2,5,0
927,2252,30,Male,162217.0,63664,24,396.0,Unemployed,944376,0,6,0
928,2699,62,Female,464823.0,176536,12,741.0,Part-time,41708,2,2,0
929,2250,50,Unknown,468184.0,269438,24,502.0,Self-employed,901924,4,2,1
930,2682,23,Female,148934.0,160528,12,710.0,Full-time,893061,1,0,0
931,2555,41,Male,192980.0,285553,12,320.0,Self-employed,938304,4,3,0
932,4512,36,Female,469639.0,210399,24,401.0,Full-time,174469,1,1,0
933,4473,33,Male,,232472,36,345.0,Full-time,647601,1,9,0
934,3094,57,Unknown,259329.0,241182,36,365.0,Part-time,955413,1,7,0
935,2256,45,Female,307354.0,291836,36,463.0,Full-time,807784,2,2,0
936,4376,50,Male,111215.0,99037,12,410.0,Part-time,888407,0,6,0
937,2549,58,Female,236907.0,219912,12,637.0,Self-employed,355992,2,6,0
938,2166,30,Male,361573.0,195272,24,422.0,Self-employed,760956,0,8,1
939,4486,60,Unknown,394296.0,234135,36,746.0,Full-time,408654,4,5,0
940,4584,62,Unknown,158048.0,198487,6,590.0,Part-time,831431,3,0,0
941,2396,42,Female,219530.0,28074,12,711.0,Full-time,542770,4,7,0
942,4637,59,Male,227241.0,156621,6,580.0,Part-time,163543,2,0,0
943,4957,53,Female,188731.0,237434,24,342.0,Part-time,833711,2,2,0
944,4330,44,Male,289977.0,242679,12,785.0,Part-time,371557,0,4,0
945,3703,55,Male,389384.0,62265,12,350.0,Self-employed,499964,2,7,0
946,1470,24,Female,476009.0,26061,6,509.0,Part-time,54213,1,8,0
947,4018,22,Male,163688.0,169882,12,425.0,Self-employed,900341,2,6,0
948,2035,60,Male,358617.0,123502,36,791.0,Part-time,799458,0,8,0
949,2353,62,Unknown,408906.0,294944,12,808.0,Self-employed,238697,0,2,0
950,3783,48,Male,270460.0,266505,24,557.0,Unemployed,347328,1,4,0
951,3831,40,Male,419100.0,117228,24,487.0,Self-employed,5435,0,9,0
952,1967,59,Female,430596.0,216548,36,529.0,Self-employed,139565,3,7,0
953,1357,27,Male,236823.0,186469,6,488.0,Full-time,203299,4,0,0
954,4019,49,Female,438455.0,23233,36,714.0,Part-time,845753,2,7,1
955,4479,60,Unknown,259987.0,252277,24,,Unemployed,920267,3,6,0
956,1667,47,Female,497470.0,166140,36,413.0,Full-time,282533,2,0,0
957,1372,56,Female,319150.0,114135,36,375.0,Part-time,31498,3,9,0
958,2031,48,Male,299243.0,227314,12,801.0,Unemployed,850187,2,9,0
959,2145,35,Male,124218.0,23682,6,384.0,Unemployed,887977,1,5,0
960,2371,53,Female,246416.0,164455,12,348.0,Unemployed,560113,0,0,0
961,3723,19,Female,477056.0,234404,24,794.0,Part-time,279078,0,1,0
962,1089,31,Female,82430.0,295810,6,,Unemployed,529862,1,4,1
963,4719,30,Male,73091.0,101198,6,688.0,Unemployed,654986,3,1,0
964,3745,46,Male,307125.0,51830,12,517.0,Full-time,693539,4,9,0
965,4387,29,Male,476199.0,20234,6,645.0,Self-employed,919091,3,0,1
966,4249,56,Female,73989.0,67616,6,529.0,Part-time,42782,0,5,1
967,1539,19,Male,125451.0,281365,12,554.0,Self-employed,447628,4,7,0
968,3779,49,Female,68990.0,152482,6,535.0,Full-time,60561,2,7,0
969,1868,30,Female,402414.0,221127,12,325.0,Self-employed,470440,4,7,1
970,1040,63,Male,392504.0,202485,12,560.0,Unemployed,921913,3,5,0
971,1739,44,Female,300541.0,11051,12,,Unemployed,913591,1,2,0
972,4775,58,Male,348225.0,86918,36,422.0,Part-time,464535,2,0,1
973,2946,34,Female,192105.0,88116,24,556.0,Part-time,492232,3,1,0
974,3549,57,Female,420416.0,238931,12,720.0,Part-time,551039,2,4,0
975,4006,48,Female,328385.0,218547,12,558.0,Full-time,300318,4,9,0
976,4216,51,Female,174932.0,236572,36,346.0,Part-time,909110,0,4,0
977,2224,41,Male,318083.0,141379,36,824.0,Full-time,56572,3,9,1
978,1928,62,Male,163000.0,66889,36,507.0,Unemployed,847848,1,0,0
979,3036,52,Female,228634.0,236256,24,610.0,Self-employed,405257,4,0,1
980,4795,23,Male,85063.0,48134,6,448.0,Unemployed,416443,3,8,0
981,3508,36,Male,257793.0,212834,12,737.0,Unemployed,821633,1,1,0
982,3779,47,Male,208117.0,237579,6,454.0,Unemployed,36069,3,6,0
983,3799,24,Female,487985.0,35954,36,389.0,Part-time,737550,4,9,0
984,1924,27,Male,359262.0,196093,24,657.0,Part-time,812802,3,3,1
985,3956,58,Female,134703.0,236999,24,473.0,Part-time,750378,2,6,0
986,2581,49,Unknown,464841.0,220938,12,516.0,Self-employed,911774,4,7,0
987,4618,51,Male,285796.0,211499,36,755.0,Part-time,782533,3,4,0
988,4324,45,Male,178557.0,277136,12,498.0,Full-time,929090,0,0,0
989,1389,32,Male,339220.0,11961,6,785.0,Unemployed,705591,3,3,0
990,2617,47,Female,303317.0,22497,12,832.0,Self-employed,387902,2,9,0
991,3930,54,Male,,266446,24,499.0,Self-employed,922826,1,2,0
992,1255,46,Male,356749.0,285399,12,670.0,Self-employed,851726,1,9,0
993,1708,39,Male,396709.0,145639,36,747.0,Self-employed,603756,1,4,0
994,2838,21,Female,351265.0,245889,6,547.0,Self-employed,684659,0,9,0
995,2944,37,Male,343577.0,189075,24,563.0,Full-time,90715,2,9,0
996,3497,49,Female,93309.0,30389,24,357.0,Unemployed,70793,4,5,0
997,1009,53,Female,379612.0,185595,12,601.0,Self-employed,439717,1,1,0
998,3871,21,Male,487470.0,223175,36,330.0,Unemployed,712494,2,6,0
999,1797,44,Female,379437.0,13358,24,797.0,Part-time,635960,3,2,0
1000,4313,34,Male,408402.0,262557,24,548.0,Self-employed,402993,0,0,1
606,2369,34,Male,406898.0,55913,6,624.0,Full-time,878087,0,0,0
341,1146,50,Female,118803.0,92289,36,513.0,Full-time,363170,3,8,0
139,3568,62,Male,443409.0,178616,12,712.0,Full-time,203462,0,3,0
37,1747,31,Unknown,467480.0,226204,24,445.0,Full-time,544653,0,0,0
469,3205,44,Female,,119814,24,477.0,Part-time,702121,4,6,0
926,3811,44,Female,288083.0,131757,24,822.0,Self-employed,771257,2,5,0
513,3537,31,Female,391207.0,130076,12,499.0,Full-time,898336,0,0,0
95,3613,41,Female,408142.0,167608,36,470.0,Full-time,684643,4,9,0
772,3326,62,Female,417570.0,213561,12,749.0,Self-employed,384903,2,4,1
419,1397,35,Male,485477.0,23261,12,608.0,Unemployed,428886,0,1,0
188,1870,61,Female,186554.0,87603,36,723.0,Part-time,140749,0,3,1
474,3146,61,Female,289779.0,185121,12,554.0,Full-time,794335,0,4,1
210,3796,59,Female,,194384,24,732.0,Full-time,730351,4,4,0
622,2119,51,Female,205394.0,293983,12,329.0,Self-employed,690091,0,3,0
949,2353,62,Unknown,408906.0,294944,12,808.0,Self-employed,238697,0,2,0
609,1116,57,Female,495543.0,298213,36,596.0,Full-time,68274,1,0,0
324,3191,43,Female,89758.0,196633,24,566.0,Part-time,832821,1,6,1
213,1540,23,Male,373179.0,211554,12,637.0,Part-time,205671,4,1,0
755,3239,25,Male,383998.0,35517,36,449.0,Full-time,337766,1,9,0
161,1200,31,Female,354748.0,35711,6,331.0,Unemployed,563508,3,2,0
